domain, date_found, wallet_address, wallet_role, chain, resolver_contract, tria_ge_link, notes
smartvacuum.gr, 2026-03-13, 0xCaf2C54E400437da717cF215181B170F65187aBf, operator, polygon, 0xb36482fE794B895695914779Db3909b471D1aA43, NA, "This is before I started using tria.ge. It can be reverse engineered from the css.js file."
www.perthdisabilityservices.com.au, 2026-07-05, 0xCaf2C54E400437da717cF215181B170F65187aBf, operator, polygon, 0xB6bC9e1D0b2fB96Ab7C47E04Cb0BE477410bC1f2, https://tria.ge/260705-v7h9nsev8v/, ""
www.mahmoodandsons.com, 2026-07-06, 0xCaf2C54E400437da717cF215181B170F65187aBf, operator, polygon, 0xB6bC9e1D0b2fB96Ab7C47E04Cb0BE477410bC1f2, https://tria.ge/260706-wrgataaz5v/, ""
magichomesgurgaon.com, 2026-07-07, 0xCaf2C54E400437da717cF215181B170F65187aBf, operator, polygon, 0xB6bC9e1D0b2fB96Ab7C47E04Cb0BE477410bC1f2, https://tria.ge/260708-abnjasg13n/, ""
www.perthdisabilityservices.com.au, 2026-07-07, 0xCaf2C54E400437da717cF215181B170F65187aBf, operator, polygon, 0xB6bC9e1D0b2fB96Ab7C47E04Cb0BE477410bC1f2, https://tria.ge/260708-ae336ags7y/, ""
winsoncapital.com, 2026-07-07, 0xCaf2C54E400437da717cF215181B170F65187aBf, operator, polygon, 0xB6bC9e1D0b2fB96Ab7C47E04Cb0BE477410bC1f2, https://tria.ge/260707-311jdagz9n/, ""
tabeerkhwab.com, 2026-07-09, 0x25a7625b3c74bb0452333C8D7F463a2f640FA5aF, operator, bsc_testnet, 0x7Fd85c090f2b35071C57a3b9FeAF462aaEb0E437, https://tria.ge/260709-1d23ksaz9w/, ""
sowtalarab.com, 2026-07-10, 0xCaf2C54E400437da717cF215181B170F65187aBf, operator, polygon, 0xB6bC9e1D0b2fB96Ab7C47E04Cb0BE477410bC1f2, https://tria.ge/260710-yb7tyafy9n/, ""
cmil.lk, 2026-07-10, 0xa70B18ebb5C1cF9Ee533A019975F09Aed4d276b5, operator, polygon, 0xBF208EE70DE2B68DeBfFaa740E190eD76fBE3b4C, https://tria.ge/260710-yhc8xaf14p/, ""
cmil.lk, 2026-07-10, 0xCaf2C54E400437da717cF215181B170F65187aBf, operator, polygon, 0xB6bC9e1D0b2fB96Ab7C47E04Cb0BE477410bC1f2, https://tria.ge/260710-yhc8xaf14p/, ""
tripver.com, 2026-07-10, 0x88361C914Bb0942da9a1b7Bb396a7513C1917aee, operator, sepolia_testnet, 0xf8290bea4e7585302ba9984b76766d4f0e282c0e, https://tria.ge/260710-zg39dag16n/, ""
silkaspire.com, 2026-07-11, 0xCaf2C54E400437da717cF215181B170F65187aBf, operator, polygon, 0xB6bC9e1D0b2fB96Ab7C47E04Cb0BE477410bC1f2, https://tria.ge/260711-3nkx6adt3t/, ""
sowtalarab.com, 2026-07-11, 0xCaf2C54E400437da717cF215181B170F65187aBf, operator, polygon, 0xB6bC9e1D0b2fB96Ab7C47E04Cb0BE477410bC1f2, https://tria.ge/260711-3qmjrsbs3j/, ""
tabeerkhwab.com, 2026-07-12, 0x25a7625b3c74bb0452333C8D7F463a2f640FA5aF, operator, bsc_testnet, 0x7Fd85c090f2b35071C57a3b9FeAF462aaEb0E437, https://tria.ge/260712-xlrp2afx2q/, ""
cmil.lk, 2026-07-13, 0xa70B18ebb5C1cF9Ee533A019975F09Aed4d276b5, operator, polygon, 0xBF208EE70DE2B68DeBfFaa740E190eD76fBE3b4C, https://tria.ge/260713-zwppjagw3m/, ""
cmil.lk, 2026-07-13, 0xCaf2C54E400437da717cF215181B170F65187aBf, operator, polygon, 0xB6bC9e1D0b2fB96Ab7C47E04Cb0BE477410bC1f2, https://tria.ge/260713-zwppjagw3m/, ""
lamilagobespoketailors.com.au, 2026-07-15, 0xCaf2C54E400437da717cF215181B170F65187aBf, operator, polygon, 0xB6bC9e1D0b2fB96Ab7C47E04Cb0BE477410bC1f2, https://tria.ge/260715-bskpeabx3y/, ""
lamilagobespoketailors.com.au, 2026-07-15, 0xa70B18ebb5C1cF9Ee533A019975F09Aed4d276b5, operator, polygon, 0xf5966808a9ECbdb8794F568922809C52b0Fd2446, https://tria.ge/260715-bskpeabx3y/, ""
www.redes-solidarias.org.ar, 2026-07-15, 0x2c9dDF1De622dA1997613Cf0498fF8Bd1E6833E9, operator, polygon, 0xb6BE32f00cD80b27ed2B94c10dce991d0D27aef0, https://tria.ge/260715-xslglaf15x/, ""
www.redes-solidarias.org.ar, 2026-07-15, 0xb0425bF235A2275735C8C5d668Aa0273C65970b9, operator, polygon, 0x9130ec7e8B20646ad30E1386d1b45Cd26EB0e07b, https://tria.ge/260715-xslglaf15x/, ""
www.redes-solidarias.org.ar, 2026-07-15, 0xCaf2C54E400437da717cF215181B170F65187aBf, operator, polygon, 0xB6bC9e1D0b2fB96Ab7C47E04Cb0BE477410bC1f2, https://tria.ge/260715-xslglaf15x/, ""
www.cratedrops.com, 2026-07-16, 0x88361C914Bb0942da9a1b7Bb396a7513C1917aee, operator, sepolia_testnet, 0x0e9561abc2a4b6d54d2ba94e53814458cc3304c6, https://tria.ge/260716-b3gqhady7y/, ""
bangbrand420.com, 2026-07-16,  0xCaf2C54E400437da717cF215181B170F65187aBf, operator, polygon, 0xB6bC9e1D0b2fB96Ab7C47E04Cb0BE477410bC1f2, https://tria.ge/260716-f26epadx7m/, ""
cioccolatitaliani.mk, 2026-07-16, 0xCaf2C54E400437da717cF215181B170F65187aBf, operator, polygon, 0xB6bC9e1D0b2fB96Ab7C47E04Cb0BE477410bC1f2, https://tria.ge/260716-3apzysbs8s/, ""
lgmgperu.pe, 2026-07-17, 0xCaf2C54E400437da717cF215181B170F65187aBf, operator, polygon, 0xB6bC9e1D0b2fB96Ab7C47E04Cb0BE477410bC1f2, https://tria.ge/260717-fxpalse19v/, ""
cagayanvalley.da.gov.ph, 2026-07-17, 0xf1940DDBDA56074ce29bB0b6eA8D62db974870a5, operator, polygon, 0x83833C5D676cA06E941A32310AE67D0890F657eE, https://tria.ge/260717-xzmy1afz51/, ""
www.korczak-school.org.il, 2026-07-18, 0xCaf2C54E400437da717cF215181B170F65187aBf, operator, polygon, 0xB6bC9e1D0b2fB96Ab7C47E04Cb0BE477410bC1f2, https://tria.ge/260718-bwnv8sby6q/, ""
cmil.lk, 2026-07-18, 0xa70B18ebb5C1cF9Ee533A019975F09Aed4d276b5, operator, polygon, 0xBF208EE70DE2B68DeBfFaa740E190eD76fBE3b4C, https://tria.ge/260718-b33yqsfy9y/, ""
cmil.lk, 2026-07-18, 0xCaf2C54E400437da717cF215181B170F65187aBf, operator, polygon, 0xB6bC9e1D0b2fB96Ab7C47E04Cb0BE477410bC1f2, https://tria.ge/260718-b33yqsfy9y/, ""
ryanjanssens.com, 2026-07-20, 0xa70B18ebb5C1cF9Ee533A019975F09Aed4d276b5, operator, polygon, 0xf5966808a9ECbdb8794F568922809C52b0Fd2446, https://tria.ge/260720-agg9gab19t/, ""
bs-pu.fi, 2026-07-20, 0xCaf2C54E400437da717cF215181B170F65187aBf, operator, polygon, 0xB6bC9e1D0b2fB96Ab7C47E04Cb0BE477410bC1f2, https://tria.ge/260720-wa4psah14j/, ""
www.caclassauto.it, 2026-07-21, 0xa70B18ebb5C1cF9Ee533A019975F09Aed4d276b5, operator, polygon, 0xf5966808a9ECbdb8794F568922809C52b0Fd2446, https://tria.ge/260721-yvxhbatdmh/, ""
nirenergo.ru, 2026-07-21, 0xd71f4cdC84420d2bd07F50787B4F998b4c2d5290, operator, bsc_testnet, 0xf4a32588b50a59a82fbA148d436081A48d80832A, https://tria.ge/260721-y2b5ysfa57/, ""
nirenergo.ru, 2026-07-21, 0xd71f4cdC84420d2bd07F50787B4F998b4c2d5290, operator, bsc_testnet, 0xDF132E2893824e26Ec8ae8014b4f4FACD54eD67F, https://tria.ge/260721-y2b5ysfa57/, ""
nirenergo.ru, 2026-07-21, 0xd71f4cdC84420d2bd07F50787B4F998b4c2d5290, operator, bsc_testnet, 0x0cD58060328e308a43d3c53cfd03A45233EA308a, https://tria.ge/260721-y2b5ysfa57/, ""
nirenergo.ru, 2026-07-21, 0xd71f4cdC84420d2bd07F50787B4F998b4c2d5290, operator, bsc_testnet, 0xfb6484dC6cbE8af83E940e08748B7DE88b17cB64, https://tria.ge/260721-y2b5ysfa57/, ""
www.ensaco.es, 2026-07-31, 0x09813eF4Ab9a7361A8D0455d57E9a81295dae5F8, operator, bsc_testnet, 0xFB448D465841C63F3bC433be61Eb692b813D469d, https://tria.ge/260731-wynngaztc1/, ""
belizefly.com, 2026-07-31, 0x09813eF4Ab9a7361A8D0455d57E9a81295dae5F8, operator, bsc_testnet, 0xFB448D465841C63F3bC433be61Eb692b813D469d, https://tria.ge/260731-w4e9aazwhx/, ""
ipc247.com, 2026-07-31, 0x09813eF4Ab9a7361A8D0455d57E9a81295dae5F8, operator, bsc_testnet, 0xFB448D465841C63F3bC433be61Eb692b813D469d, https://tria.ge/260731-xvfdcsz1hw/, ""
ipc247.com, 2026-07-31, 0xCaf2C54E400437da717cF215181B170F65187aBf, operator, polygon, 0xB6bC9e1D0b2fB96Ab7C47E04Cb0BE477410bC1f2, https://tria.ge/260731-xvfdcsz1hw/, ""
cetiev.ma, 2026-08-01, 0xf1940DDBDA56074ce29bB0b6eA8D62db974870a5, operator, polygon, 0x83833C5D676cA06E941A32310AE67D0890F657eE, https://tria.ge/260801-2cpljahg67/, ""
dairydata.co.uk, 2026-08-01, 0x09813eF4Ab9a7361A8D0455d57E9a81295dae5F8, operator, bsc_testnet, 0xFB448D465841C63F3bC433be61Eb692b813D469d, https://tria.ge/260801-2gzx3ayekd/, ""
www.stairsandroses.de, 2026-08-02, 0xa70B18ebb5C1cF9Ee533A019975F09Aed4d276b5, operator, polygon, 0xBF208EE70DE2B68DeBfFaa740E190eD76fBE3b4C, https://tria.ge/260801-3jnhgsae25/, ""
tubephanoi.vn, 2026-08-02, 0xb0425bF235A2275735C8C5d668Aa0273C65970b9, operator, polygon, 0x9130ec7e8B20646ad30E1386d1b45Cd26EB0e07b, https://tria.ge/260802-ay2z7szzds/, ""
footprintsintheclouds.com, 2026-08-02, 0xd71f4cdC84420d2bd07F50787B4F998b4c2d5290, operator, bsc_testnet, 0xA1decFB75C8C0CA28C10517ce56B710baf727d2e, https://tria.ge/260802-ba1yns1dpf/, ""
namastekhabar.com, 2026-08-02, 0xd71f4cdC84420d2bd07F50787B4F998b4c2d5290, operator, bsc_testnet, 0xA1decFB75C8C0CA28C10517ce56B710baf727d2e, https://tria.ge/260802-bc1exsbc24/, ""
campushillhotel.com, 2026-08-02, 0x09813eF4Ab9a7361A8D0455d57E9a81295dae5F8, operator, bsc_testnet, 0xFB448D465841C63F3bC433be61Eb692b813D469d, https://tria.ge/260802-bs5dtabl61/, ""
ecojunkremoval.net, 2026-08-02, 0xCaf2C54E400437da717cF215181B170F65187aBf, operator, polygon, 0xB6bC9e1D0b2fB96Ab7C47E04Cb0BE477410bC1f2, https://tria.ge/260802-wpdrxavscz/, ""
itsblossom.ca, 2026-08-03, 0x2a51c1eD5C96882beE51f06Ec08c1504B9921Ec2, operator, polygon, 0xfD75a8F503be4851E11a52b645De1f017492A6b0, https://tria.ge/260803-wcgm2adb44/, ""
unitedbuildings.com, 2026-08-04, 0xCaf2C54E400437da717cF215181B170F65187aBf, operator, polygon, 0xB6bC9e1D0b2fB96Ab7C47E04Cb0BE477410bC1f2, https://tria.ge/260804-x6pfeawwfs/, ""
edhale.com, 2026-08-05, 0x2a51c1eD5C96882beE51f06Ec08c1504B9921Ec2, operator, polygon, 0xfD75a8F503be4851E11a52b645De1f017492A6b0, https://tria.ge/260805-wfbk7aseqa/, ""
samsara-voyages.com, 2026-08-05, 0xCaf2C54E400437da717cF215181B170F65187aBf, operator, polygon, 0xB6bC9e1D0b2fB96Ab7C47E04Cb0BE477410bC1f2, https://tria.ge/260805-xfnfesek4s/, ""
samsara-voyages.com, 2026-08-05, 0x49F08b3f1Aea67e20A03CAdfE2C845efabE4B001, operator, polygon, 0x5e03dab7c4e71e9f6EFB0E7a156F4e663B0E95c6, https://tria.ge/260805-xfnfesek4s/, ""
pilatesaotearoa.org.nz, 2026-08-05, 0xCaf2C54E400437da717cF215181B170F65187aBf, operator, polygon, 0xB6bC9e1D0b2fB96Ab7C47E04Cb0BE477410bC1f2, https://tria.ge/260805-xg7wfsde26/, ""
pilatesaotearoa.org.nz, 2026-08-05, 0x49F08b3f1Aea67e20A03CAdfE2C845efabE4B001, operator, polygon, 0x5e03dab7c4e71e9f6EFB0E7a156F4e663B0E95c6, https://tria.ge/260805-xg7wfsde26/, ""
cir.com.eg, 2026-08-05, 0xF5B962Cca374de0b769617888932250363C5971B, operator, bsc, 0x9179dda8B285040Bf381AABb8a1f4a1b8c37Ed53, https://tria.ge/260805-xjwk7stfrh/, ""
cir.com.eg, 2026-08-05, 0xF5B962Cca374de0b769617888932250363C5971B, operator, bsc, 0x8FBA1667BEF5EdA433928b220886A830488549BD, https://tria.ge/260805-xjwk7stfrh/, ""
cir.com.eg, 2026-08-05, 0xF5B962Cca374de0b769617888932250363C5971B, operator, bsc, 0x53fd54f55C93f9BCCA471cD0CcbaBC3Acbd3E4AA, https://tria.ge/260805-xjwk7stfrh/, ""
catolicosemcelulas.com.br, 2026-08-05, 0xCaf2C54E400437da717cF215181B170F65187aBf, operator, polygon, 0xB6bC9e1D0b2fB96Ab7C47E04Cb0BE477410bC1f2, https://tria.ge/260805-y6y6aafm8x/, ""
www.fineartoffire.com, 2026-08-05, 0xCaf2C54E400437da717cF215181B170F65187aBf, operator, polygon, 0xB6bC9e1D0b2fB96Ab7C47E04Cb0BE477410bC1f2, https://tria.ge/260805-zrwx2sfr6s/, ""
www.fineartoffire.com, 2026-08-05, 0x49F08b3f1Aea67e20A03CAdfE2C845efabE4B001, operator, polygon, 0x5e03dab7c4e71e9f6EFB0E7a156F4e663B0E95c6, https://tria.ge/260805-zrwx2sfr6s/, ""
pparesearch.org, 2026-08-06, 0xCaf2C54E400437da717cF215181B170F65187aBf, operator, polygon, 0xB6bC9e1D0b2fB96Ab7C47E04Cb0BE477410bC1f2, https://tria.ge/260806-2l6amsvwfs/, ""
skaparbubblan.se, 2026-08-06, 0xCaf2C54E400437da717cF215181B170F65187aBf, operator, polygon, 0xB6bC9e1D0b2fB96Ab7C47E04Cb0BE477410bC1f2, https://tria.ge/260806-26z95acj8x/, ""
skaparbubblan.se, 2026-08-06, 0x09813eF4Ab9a7361A8D0455d57E9a81295dae5F8, operator, bsc_testnet, 0xFB448D465841C63F3bC433be61Eb692b813D469d, https://tria.ge/260806-26z95acj8x/, ""
www.fineartoffire.com, 2026-08-06, 0xCaf2C54E400437da717cF215181B170F65187aBf, operator, polygon, 0xB6bC9e1D0b2fB96Ab7C47E04Cb0BE477410bC1f2, https://tria.ge/260806-28hg4asfrg/, ""
www.fineartoffire.com, 2026-08-06, 0x49F08b3f1Aea67e20A03CAdfE2C845efabE4B001, operator, polygon, 0x5e03dab7c4e71e9f6EFB0E7a156F4e663B0E95c6, https://tria.ge/260806-28hg4asfrg/, ""
theshoeprojectstories.com, 2026-08-06, 0xCaf2C54E400437da717cF215181B170F65187aBf, operator, polygon, 0xB6bC9e1D0b2fB96Ab7C47E04Cb0BE477410bC1f2, https://tria.ge/260806-296ajswsfv/, ""
theshoeprojectstories.com, 2026-08-06, 0x09813eF4Ab9a7361A8D0455d57E9a81295dae5F8, operator, bsc_testnet, 0xFB448D465841C63F3bC433be61Eb692b813D469d, https://tria.ge/260806-296ajswsfv/, ""
eastside-olympia.org, 2026-08-08, 0x09813eF4Ab9a7361A8D0455d57E9a81295dae5F8, operator, bsc_testnet, 0xFB448D465841C63F3bC433be61Eb692b813D469d, https://tria.ge/260808-3lsvzsweqc/, ""
pparesearch.org, 2026-08-09, 0xCaf2C54E400437da717cF215181B170F65187aBf, operator, polygon, 0xB6bC9e1D0b2fB96Ab7C47E04Cb0BE477410bC1f2, https://tria.ge/260809-whck9sbf86/, ""
herident.com, 2026-08-09, 0xCaf2C54E400437da717cF215181B170F65187aBf, operator, polygon, 0xB6bC9e1D0b2fB96Ab7C47E04Cb0BE477410bC1f2, https://tria.ge/260809-w4azkabq31/, ""
mubimedical.com, 2026-08-09, 0xf1940DDBDA56074ce29bB0b6eA8D62db974870a5, operator, polygon, 0x83833C5D676cA06E941A32310AE67D0890F657eE, https://tria.ge/260809-xv6wbacl5v/, ""
mubimedical.com, 2026-08-10, 0xE3D7dcE8a67a33fa5423FDf8F6F91391e953F861, operator, poylgon, 0x6E65583C3c3cC0063215Cb93DE137E2da1513bFd, https://tria.ge/260810-xkh2haaa83/, ""
mubimedical.com, 2026-08-10, 0xf1940DDBDA56074ce29bB0b6eA8D62db974870a5, operator, polygon, 0x83833C5D676cA06E941A32310AE67D0890F657eE, https://tria.ge/260810-xkh2haaa83/, ""
pparesearch.org, 2026-08-10, 0xCaf2C54E400437da717cF215181B170F65187aBf, operator, polygon, 0xB6bC9e1D0b2fB96Ab7C47E04Cb0BE477410bC1f2, https://tria.ge/260810-xphars1vbs/, ""
edhale.com, 2026-08-12, 0x2a51c1eD5C96882beE51f06Ec08c1504B9921Ec2, operator, polygon, 0xfD75a8F503be4851E11a52b645De1f017492A6b0, https://tria.ge/260812-bzvg7as1at/, ""
edhale.com, 2026-08-12, 0x49F08b3f1Aea67e20A03CAdfE2C845efabE4B001, operator, polygon, 0x5e03dab7c4e71e9f6EFB0E7a156F4e663B0E95c6, https://tria.ge/260812-bzvg7as1at/, ""
manjoorans.com, 2026-08-21, 0xCaf2C54E400437da717cF215181B170F65187aBf, operator, polygon, 0xB6bC9e1D0b2fB96Ab7C47E04Cb0BE477410bC1f2, https://tria.ge/260821-wrje6sal51/, ""
fabaagencies.com, 2026-08-21, 0xCaf2C54E400437da717cF215181B170F65187aBf, operator, polygon, 0xB6bC9e1D0b2fB96Ab7C47E04Cb0BE477410bC1f2, https://tria.ge/260821-w1f2eavgnb/, "It's at https://fabaagencies.com/amp.php. I didn't see it at the root domain"
fourapostlesrealty.com, 2026-08-24, 0x09813eF4Ab9a7361A8D0455d57E9a81295dae5F8, operator, bsc_testnet, 0xFB448D465841C63F3bC433be61Eb692b813D469d, https://tria.ge/260824-w7r29aef77/, ""
vanlootechnics.be, 2026-08-24, 0x25a7625b3c74bb0452333C8D7F463a2f640FA5aF, operator, bsc_testnet, 0x7Fd85c090f2b35071C57a3b9FeAF462aaEb0E437, https://tria.ge/260824-1gcl4acp9w/, ""
foxmandal.com, 2026-08-24, 0xCaf2C54E400437da717cF215181B170F65187aBf, operator, polygon, 0xB6bC9e1D0b2fB96Ab7C47E04Cb0BE477410bC1f2, https://tria.ge/260824-2anlfszwdt/, ""
iescoloma.es, 2026-08-24, 0xCaf2C54E400437da717cF215181B170F65187aBf, operator, polygon, 0xB6bC9e1D0b2fB96Ab7C47E04Cb0BE477410bC1f2, https://tria.ge/260824-3jqylszzcy/, ""
www.proyectar.com.ar, 2026-08-24, 0xCaf2C54E400437da717cF215181B170F65187aBf, operator, polygon, 0xB6bC9e1D0b2fB96Ab7C47E04Cb0BE477410bC1f2, https://tria.ge/260824-3wa3xsvemg/, ""
amazonia4.org, 2026-08-25, 0xCaf2C54E400437da717cF215181B170F65187aBf, operator, polygon, 0xB6bC9e1D0b2fB96Ab7C47E04Cb0BE477410bC1f2, https://tria.ge/260825-bx7pqs1xgt/, ""
gammaconsultants.in, 2026-08-25, 0x2F9091AB4Ec91c0dAa67a7660c81A922328A8096, operator, polygon, 0x0856780A9aC5169592B693B49E87805A64C1D446, https://tria.ge/260825-b479vawbpd/, ""
gammaconsultants.in, 2026-08-25, 0x2F9091AB4Ec91c0dAa67a7660c81A922328A8096, operator, polygon, 0x0C7Cb01C83203aC0a50Abc3a9AFF3c9Ca727eF55, https://tria.ge/260825-b479vawbpd/, ""
gammaconsultants.in, 2026-08-25, 0x2F9091AB4Ec91c0dAa67a7660c81A922328A8096, operator, polygon, 0xbb9b2df9DCBd487212052DA0974d1A2E388322B0, https://tria.ge/260825-b479vawbpd/, ""
wawacom.fr, 2026-08-25, 0xCaf2C54E400437da717cF215181B170F65187aBf, operator, polygon, 0xB6bC9e1D0b2fB96Ab7C47E04Cb0BE477410bC1f2, https://tria.ge/260825-cbg3ma1yfy/, ""
wawacom.fr, 2026-08-25, 0x9736d115fD959e3eb68c4f4d64F916e6b43cb368, operator, polygon, 0x4B00eaDFF1553EA2773b9fb2c29D987Ae397863b, https://tria.ge/260825-cbg3ma1yfy/, ""
premend.com, 2026-08-25, 0x25a7625b3c74bb0452333C8D7F463a2f640FA5aF, operator, bsc_testnet, 0x7Fd85c090f2b35071C57a3b9FeAF462aaEb0E437, https://tria.ge/260825-2jp6mswzcz/, ""
aescuro.de, 2026-08-26, 0xCaf2C54E400437da717cF215181B170F65187aBf, operator, polygon, 0xB6bC9e1D0b2fB96Ab7C47E04Cb0BE477410bC1f2, https://tria.ge/260826-a5daes1cld/, ""
www.rexus.co.za, 2026-08-26, 0xCaf2C54E400437da717cF215181B170F65187aBf, operator, polygon, 0xB6bC9e1D0b2fB96Ab7C47E04Cb0BE477410bC1f2, https://tria.ge/260826-bw4lpa1dqg/, ""
pvithongnhat.com, 2026-08-26, 0xCaf2C54E400437da717cF215181B170F65187aBf, operator, polygon, 0xB6bC9e1D0b2fB96Ab7C47E04Cb0BE477410bC1f2, https://tria.ge/260826-xv98qsfa29/, ""
ibswashington.com, 2026-08-27, 0xCaf2C54E400437da717cF215181B170F65187aBf, operator, polygon, 0xB6bC9e1D0b2fB96Ab7C47E04Cb0BE477410bC1f2, https://tria.ge/260828-b1tx2s11hz/, ""
www.zmenadodavatela.sk, 2026-08-29, 0xCaf2C54E400437da717cF215181B170F65187aBf, operator, polygon, 0xB6bC9e1D0b2fB96Ab7C47E04Cb0BE477410bC1f2, https://tria.ge/260829-bd2pdavvb1/, ""
directgolfholidays.com, 2026-08-29, 0x92F3f39c1CdE5EE705820af022e2b85C4EAa43F6, operator, sepolia_testnet, 0x4dBdca7277427eDEe4D5b4E3D012bCa73Aefadf1, https://tria.ge/260829-b16lvavwdx, ""
ibswashington.com, 2026-08-30, 0xCaf2C54E400437da717cF215181B170F65187aBf, operator, polygon, 0xB6bC9e1D0b2fB96Ab7C47E04Cb0BE477410bC1f2, https://tria.ge/260830-wetelsywcs/, ""
lacasadelhabano-thehague.com, 2026-09-02, 0x2B88346D769515a0B84277651873Af92515445a7, operator, bsc_testnet, 0xae5D8eeC6eA8366e7922C93aBc908fF96eb08034, https://tria.ge/260902-v5dw6sbp2t/, ""
pijnackercentrum.nl, 2026-09-02, 0x2B88346D769515a0B84277651873Af92515445a7, operator, bsc_testnet, 0xae5D8eeC6eA8366e7922C93aBc908fF96eb08034, https://tria.ge/260902-v715gsbp7y/, ""
radioamistadaucayacu.com, 2026-09-02, 0xd7d0b350291eA7c16DC864563BC1BCaEA0fB0949, operator, polygon, 0xb29927B7D854b232D5E58CFc201866376E68C676, https://tria.ge/260902-25shwsfm9t/, ""
athriftymrs.com, 2026-09-02, 0x25a7625b3c74bb0452333C8D7F463a2f640FA5aF, operator, bsc_testnet, 0x7Fd85c090f2b35071C57a3b9FeAF462aaEb0E437, https://tria.ge/260902-3ftkbszxcx/, ""
xuongnoithatso1.vn, 2026-09-02, 0x88361C914Bb0942da9a1b7Bb396a7513C1917aee, operator, sepolia_testnet, 0x04FDceBC5D10b562A69867275D99094F57489CE6, https://tria.ge/260902-3vttmsvarb/, ""
ecojunkremoval.net, 2026-09-03, 0xCaf2C54E400437da717cF215181B170F65187aBf, operator, polygon, 0xB6bC9e1D0b2fB96Ab7C47E04Cb0BE477410bC1f2, https://tria.ge/260903-bcg9ca1xhw/, ""
ayanelectricians.co.uk, 2026-09-03, 0xd7d0b350291eA7c16DC864563BC1BCaEA0fB0949, operator, polygon, 0xb29927B7D854b232D5E58CFc201866376E68C676, https://tria.ge/260903-bxghjswcnc/, ""
ayanelectricians.co.uk, 2026-09-03, 0xCaf2C54E400437da717cF215181B170F65187aBf, operator, polygon, 0xB6bC9e1D0b2fB96Ab7C47E04Cb0BE477410bC1f2, https://tria.ge/260903-bxghjswcnc/, ""
diorama.co.id, 2026-09-03, 0x2B88346D769515a0B84277651873Af92515445a7, operator, bsc_testnet, 0xae5D8eeC6eA8366e7922C93aBc908fF96eb08034, https://tria.ge/260903-2pebbsca85/, ""
